Marca,Modelo,Tipo,Combustible,Consumo,Rendimiento,COP,Poder_Calorifico,Rango_Calefaccion,Precio_Adquisicion_IVA,Costo_Instalacion_IVA,Mantencion_IVA,Otros
Toyotomi,KS 27,Estufa Kerosene Mecha (Cámara Conv/Rad),Kerosene,"0,28 - 0,31 lt/hora",1 (100%),-,2530 Kcal/hora,40 - 60 m2,"$    129.990,00",$ 0 (Portátil / Enchufable),$ 25.000 / 2 años (Cambio mecha / mantención),Flete terrestre/marítimo a zona extrema (+10-20% en H y I)
Toyotomi,ML 25,Estufa Kerosene Mecha (Cámara Conv/Rad),Kerosene,"0,24 - 0,26 lt/hora",1 (100%),-,2150 Kcal/hora,40 - 60 m2,"$    159.990,00",$ 0 (Portátil / Enchufable),$ 25.000 / 2 años (Cambio mecha / mantención),Flete terrestre/marítimo a zona extrema (+10-20% en H y I)
Toyotomi,LC 27,Estufa Kerosene Láser (Electrónica),Kerosene,"0,086 - 0,264 lt/hora",1 (100%),-,2330 Kcal/hora,30 - 50 m2,"$    199.990,00",$ 0 (Portátil / Enchufable),$ 35.000 / año (Limpieza quemador y cámara),Flete terrestre/marítimo a zona extrema (+10-20% en H y I)
Toyotomi,Omni 230,Estufa Kerosene Mecha (Cámara Conv/Rad),Kerosene,"0,658 lt/hora",1 (100%),-,5820 Kcal/hora,100 - 140 m2,"$    199.990,00",$ 0 (Portátil / Enchufable),$ 25.000 / 2 años (Cambio mecha / mantención),Flete terrestre/marítimo a zona extrema (+10-20% en H y I)
Eninsa,Patio 40 inox. PH018,Calefactor Exterior Patio (Gas Licuado),Gas Licuado (GLP),825 gramos/hora,0.800 (80%),-,11500 watts,28 m2,"$    210.990,00",$ 0 (Portátil / Enchufable),"$ 20.000 / 2 años (Revisión regulador, manguera, inyectores)",Flete terrestre/marítimo a zona extrema (+10-20% en H y I)
Toyotomi,Omni 230SE,Estufa Kerosene Mecha (Cámara Conv/Rad),Kerosene,"0,622 lt/hora",1 (100%),-,5820 Kcal/hora,100 - 140 m2,"$    219.990,00",$ 0 (Portátil / Enchufable),$ 25.000 / 2 años (Cambio mecha / mantención),Flete terrestre/marítimo a zona extrema (+10-20% en H y I)
Toyotomi,DC100,Estufa Kerosene Mecha (Cámara Conv/Rad),Kerosene,"0,41 - 0,48 lt/hora",1 (100%),-,4430 Kcal/hora,80 - 120 m2,"$    249.990,00",$ 0 (Portátil / Enchufable),$ 25.000 / 2 años (Cambio mecha / mantención),Flete terrestre/marítimo a zona extrema (+10-20% en H y I)
Toyotomi,LC 42,Estufa Kerosene Láser (Electrónica),Kerosene,"0,11 - 0,406 lt/hora",1 (100%),-,3600 Kcal/hora,60 - 100 m2,"$    279.900,00",$ 0 (Portátil / Enchufable),$ 35.000 / año (Limpieza quemador y cámara),Flete terrestre/marítimo a zona extrema (+10-20% en H y I)
Toyotomi,LC 30,Estufa Kerosene Láser (Electrónica),Kerosene,"0,086 - 0,291 lt/hora",1 (100%),-,2494 Kcal/hora,40 - 60 m2,"$    299.990,00",$ 0 (Portátil / Enchufable),$ 35.000 / año (Limpieza quemador y cámara),Flete terrestre/marítimo a zona extrema (+10-20% en H y I)
Toyotomi,Omni 230 High Altitude,Estufa Kerosene Mecha (Cámara Conv/Rad),Kerosene,"0,658 lt/hora",1 (100%),-,5820 Kcal/hora,100 - 140 m2,"$    299.990,00",$ 0 (Portátil / Enchufable),$ 25.000 / 2 años (Cambio mecha / mantención),"Ajuste para altitud (>1500 msnm, Los Andes); Flete terrestre/marítimo a zona extrema (+10-20% en H y I)"
Toyotomi,LC 52,Estufa Kerosene Láser (Electrónica),Kerosene,"0,151 - 0,484 lt/hora",1 (100%),-,4290 Kcal/hora,80 - 120 m2,"$    329.900,00",$ 0 (Portátil / Enchufable),$ 35.000 / año (Limpieza quemador y cámara),Flete terrestre/marítimo a zona extrema (+10-20% en H y I)
Toyotomi,FF 55T,Estufa Kerosene Láser Tiro Forzado,Kerosene,"0,18 - 0,623 lt/hora","0.927 (92,7%)",-,4730 Kcal/hora,80 - 120 m2,"$    849.900,00",$ 75.000,$ 35.000 / año (Limpieza quemador y cámara),Sobrecosto instalador SEC en zonas extremas (+30-50% en H y I); Flete aéreo/marítimo a Punta Arenas o montaña (+15-25%)
Toyotomi,FF 55,Estufa Kerosene Láser Tiro Forzado,Kerosene,"0,18 - 0,623 lt/hora","0.927 (92,7%)",-,4730 Kcal/hora,80 - 120 m2,"$    899.990,00",$ 75.000,$ 35.000 / año (Limpieza quemador y cámara),Sobrecosto instalador SEC en zonas extremas (+30-50% en H y I); Flete aéreo/marítimo a Punta Arenas o montaña (+15-25%)
Toyotomi,FF 70AQ,Estufa Kerosene Láser Tiro Forzado,Kerosene,"0,28 - 0,791 lt/hora","0.927 (92,7%)",-,6020 Kcal/hora,100 - 140 m2,"$    999.900,00",$ 75.000,$ 35.000 / año (Limpieza quemador y cámara),Sobrecosto instalador SEC en zonas extremas (+30-50% en H y I); Flete aéreo/marítimo a Punta Arenas o montaña (+15-25%)
Sindelen,EP 6000,Estufa Kerosene Radiante (Quemador Cilíndrico),Kerosene,"0,23 lt/hora",0.800 (80%),-,2030 Kcal/hora,24 - 26 m2,"$      45.990,00",$ 0 (Portátil / Enchufable),$ 25.000 / 2 años (Cambio mecha / mantención),Flete terrestre/marítimo a zona extrema (+10-20% en H y I)
Sindelen,EP 6500,Estufa Kerosene Radiante (Quemador Cilíndrico),Kerosene,"0,29 lt/hora",0.800 (80%),-,2566 Kcal/hora,30 - 32 m2,"$      48.990,00",$ 0 (Portátil / Enchufable),$ 25.000 / 2 años (Cambio mecha / mantención),Flete terrestre/marítimo a zona extrema (+10-20% en H y I)
Bartolini,DP 3001,Estufa Kerosene Convectiva c/Ventilador,Kerosene,"0,08 - 0,31 lt/hora",0.800 (80%),-,2700 Kcal/hora,40 - 60 m2,"$    179.990,00",$ 0 (Portátil / Enchufable),$ 0 (Sin piezas de desgaste),Flete terrestre/marítimo a zona extrema (+10-20% en H y I)
Mademsa,MFHK 540,Estufa Kerosene Convectiva c/Ventilador,Kerosene,"0,081 - 0,24 lt/hora",0.800 (80%),-,1978 Kcal/hora,30 - 50 m2,"$    221.990,00",$ 0 (Portátil / Enchufable),$ 0 (Sin piezas de desgaste),Flete terrestre/marítimo a zona extrema (+10-20% en H y I)
Corona,FH 2506,Estufa Kerosene Convectiva c/Ventilador,Kerosene,"0,08 - 0,24 lt/hora",0.800 (80%),-,2120 Kcal/hora,40 - 60 m2,"$    249.990,00",$ 0 (Portátil / Enchufable),$ 0 (Sin piezas de desgaste),Flete terrestre/marítimo a zona extrema (+10-20% en H y I)
Sumoheat,FH 1050,Estufa Kerosene Convectiva c/Ventilador,Kerosene,"0,11 - 0,49 lt/hora",0.800 (80%),-,4300 Kcal/hora,Hasta 100 m2,"$    249.990,00",$ 0 (Portátil / Enchufable),$ 0 (Sin piezas de desgaste),Flete terrestre/marítimo a zona extrema (+10-20% en H y I)
Fensa,FHK 32,Estufa Kerosene Convectiva c/Ventilador,Kerosene,"0,11 - 0,31 lt/hora",0.800 (80%),-,2754 Kcal/hora,Hasta 65 m2,"$    310.990,00",$ 0 (Portátil / Enchufable),$ 0 (Sin piezas de desgaste),Flete terrestre/marítimo a zona extrema (+10-20% en H y I)
Corona,FH 5005,Estufa Kerosene Convectiva c/Ventilador,Kerosene,"0,12 - 0,33 lt/hora",0.800 (80%),-,2960 Kcal/hora,Hasta 80 m2,"$    299.990,00",$ 0 (Portátil / Enchufable),$ 0 (Sin piezas de desgaste),Flete terrestre/marítimo a zona extrema (+10-20% en H y I)
Fensa,FEL 1407 CP,Estufa Gas Radiante Infrarroja,Gas Licuado (GLP),122 gramos/hora (**),0.800 (80%),-,1550 watts,6 - 12 m2,"$      59.990,00",$ 0 (Portátil / Enchufable),"$ 20.000 / 2 años (Revisión regulador, manguera, inyectores)",Flete terrestre/marítimo a zona extrema (+10-20% en H y I)
Sindelen,SR 5200,Estufa Gas Radiante Infrarroja,Gas Licuado (GLP),269 gramos/hora,0.800 (80%),-,3182 Kcal/hora,34 m2 - 36 m2,"$      69.990,00",$ 0 (Portátil / Enchufable),"$ 20.000 / 2 años (Revisión regulador, manguera, inyectores)",Flete terrestre/marítimo a zona extrema (+10-20% en H y I)
Climastar,Pizarra Azabache,Estufa Eléctrica Placa Radiante,Electricidad,"2,0 kwh","1,0 (100%)",-,2000 watts,20 m2,"$    141.990,00",$ 0 (Portátil / Enchufable),$ 0 (Sin piezas de desgaste),Flete terrestre/marítimo a zona extrema (+10-20% en H y I)
Climastar,Pizarra Nieve,Estufa Eléctrica Placa Radiante,Electricidad,"2,0 kwh","1,0 (100%)",-,2000 watts,20 m2,"$    141.990,00",$ 0 (Portátil / Enchufable),$ 0 (Sin piezas de desgaste),Flete terrestre/marítimo a zona extrema (+10-20% en H y I)
Sindelen,Sunnymet EP 8000 PT,Estufa Kerosene Radiante (Quemador Cilíndrico),Kerosene,"0,23 lt/hora",0.800 (80%),-,2970 watts,17 - 26 m2,"$      79.990,00",$ 0 (Portátil / Enchufable),$ 25.000 / 2 años (Cambio mecha / mantención),Flete terrestre/marítimo a zona extrema (+10-20% en H y I)
Emege,Rodante 3KWRG,Estufa Gas Convectiva,Gas Licuado (GLP),110 - 219 gramos/hora,0.800 (80%),-,2600 Kcal/hora,22 m2,"$    109.990,00",$ 0 (Portátil / Enchufable),"$ 20.000 / 2 años (Revisión regulador, manguera, inyectores)",Flete terrestre/marítimo a zona extrema (+10-20% en H y I)
Climastar,Caliza Blanco,Estufa Eléctrica Placa Radiante,Electricidad,"0,8 kwh","1,0 (100%)",-,800 watts,8 m2,"$    129.990,00",$ 0 (Portátil / Enchufable),$ 0 (Sin piezas de desgaste),Flete terrestre/marítimo a zona extrema (+10-20% en H y I)
General Electric,GE AIR 109,Aire Acondicionado Split (Bomba de Calor),Electricidad,"1,25 kwh",-,2.11,2638 watts,Hasta 22 m2,"$    249.900,00",$ 100.000,"$ 40.000 / año (Limpieza filtros, chequeo refrigerante)",Sobrecosto instalador SEC en zonas extremas (+30-50% en H y I); Flete aéreo/marítimo a Punta Arenas o montaña (+15-25%)
Kendal,NEW MAC 9000,Aire Acondicionado Split (Bomba de Calor),Electricidad,"1,315 kwh",-,2.01,2638 watts,18 - 20 m2,"$    259.990,00",$ 100.000,"$ 40.000 / año (Limpieza filtros, chequeo refrigerante)",Sobrecosto instalador SEC en zonas extremas (+30-50% en H y I); Flete aéreo/marítimo a Punta Arenas o montaña (+15-25%)
Combi,ACN1 HR12,Aire Acondicionado Split (Bomba de Calor),Electricidad,"1,8 kwh",-,1.95,3517 watts,Hasta 29 m2,"$    289.990,00",$ 100.000,"$ 40.000 / año (Limpieza filtros, chequeo refrigerante)",Sobrecosto instalador SEC en zonas extremas (+30-50% en H y I); Flete aéreo/marítimo a Punta Arenas o montaña (+15-25%)
General Electric,GE AIR 112,Aire Acondicionado Split (Bomba de Calor),Electricidad,"1,5 kwh",-,2.34,3517 watts,Sin Información,"$    299.900,00",$ 100.000,"$ 40.000 / año (Limpieza filtros, chequeo refrigerante)",Sobrecosto instalador SEC en zonas extremas (+30-50% en H y I); Flete aéreo/marítimo a Punta Arenas o montaña (+15-25%)
Kendal,VS 09 CH,Aire Acondicionado Split (Bomba de Calor),Electricidad,"0,95 kwh",-,2.78,2638 watts,Hasta 20 m2,"$    299.990,00",$ 100.000,"$ 40.000 / año (Limpieza filtros, chequeo refrigerante)",Sobrecosto instalador SEC en zonas extremas (+30-50% en H y I); Flete aéreo/marítimo a Punta Arenas o montaña (+15-25%)
Ursus Trotter,Split LUX 9000 BTU-R22,Aire Acondicionado Split (Bomba de Calor),Electricidad,"1,315 kwh (**)",-,2.01,2638 watts,14 - 20 m2,"$    299.990,00",$ 100.000,"$ 40.000 / año (Limpieza filtros, chequeo refrigerante)",Sobrecosto instalador SEC en zonas extremas (+30-50% en H y I); Flete aéreo/marítimo a Punta Arenas o montaña (+15-25%)
Ursus Trotter,Split LUX 12000 BTU-R22,Aire Acondicionado Split (Bomba de Calor),Electricidad,"1,5 kwh (**)",-,2.34,3517 watts,16 - 27 m2,"$    329.990,00",$ 100.000,"$ 40.000 / año (Limpieza filtros, chequeo refrigerante)",Sobrecosto instalador SEC en zonas extremas (+30-50% en H y I); Flete aéreo/marítimo a Punta Arenas o montaña (+15-25%)
Kendal,VS 09 CH,Aire Acondicionado Split (Bomba de Calor),Electricidad,"1,26 kwh",-,2.79,3517 watts,Hasta 25 m2,"$    334.990,00",$ 100.000,"$ 40.000 / año (Limpieza filtros, chequeo refrigerante)",Sobrecosto instalador SEC en zonas extremas (+30-50% en H y I); Flete aéreo/marítimo a Punta Arenas o montaña (+15-25%)
Ursus Trotter,Split LUX 9000 BTU-R410A,Aire Acondicionado Split (Bomba de Calor),Electricidad,"1,315 kwh (**)",-,2.01,2638 watts,14 - 20 m2,"$    336.900,00",$ 100.000,"$ 40.000 / año (Limpieza filtros, chequeo refrigerante)",Sobrecosto instalador SEC en zonas extremas (+30-50% en H y I); Flete aéreo/marítimo a Punta Arenas o montaña (+15-25%)
Frigidaire,FSX18M5J,Aire Acondicionado Split (Bomba de Calor),Electricidad,"1,92 kwh",-,2.75,5275 watts,30 - 40 m2,"$    349.990,00",$ 100.000,"$ 40.000 / año (Limpieza filtros, chequeo refrigerante)",Sobrecosto instalador SEC en zonas extremas (+30-50% en H y I); Flete aéreo/marítimo a Punta Arenas o montaña (+15-25%)
Ursus Trotter,Split LUX 12000 BTU-R410A,Aire Acondicionado Split (Bomba de Calor),Electricidad,"1,5 kwh (**)",-,2.34,3517 watts,16 - 27 m2,"$    349.990,00",$ 100.000,"$ 40.000 / año (Limpieza filtros, chequeo refrigerante)",Sobrecosto instalador SEC en zonas extremas (+30-50% en H y I); Flete aéreo/marítimo a Punta Arenas o montaña (+15-25%)
Samsung,R410 18000 Btu,Aire Acondicionado Split (Bomba de Calor),Electricidad,"1,8 kwh",-,2.93,5275 watts,30 - 40 m2,"$    399.990,00",$ 100.000,"$ 40.000 / año (Limpieza filtros, chequeo refrigerante)",Sobrecosto instalador SEC en zonas extremas (+30-50% en H y I); Flete aéreo/marítimo a Punta Arenas o montaña (+15-25%)
Samsung,R410 24000 Btu,Aire Acondicionado Split (Bomba de Calor),Electricidad,"2,49 kwh",-,2.82,7034 watts,Sin Información,"$    499.990,00",$ 100.000,"$ 40.000 / año (Limpieza filtros, chequeo refrigerante)",Sobrecosto instalador SEC en zonas extremas (+30-50% en H y I); Flete aéreo/marítimo a Punta Arenas o montaña (+15-25%)
Ursus Trotter,Split LUX 18000 BTU-R410A,Aire Acondicionado Split (Bomba de Calor),Electricidad,"1,8 kwh (**)",-,2.93,5275 watts,30 - 42 m2,"$    544.900,00",$ 100.000,"$ 40.000 / año (Limpieza filtros, chequeo refrigerante)",Sobrecosto instalador SEC en zonas extremas (+30-50% en H y I); Flete aéreo/marítimo a Punta Arenas o montaña (+15-25%)
Ursus Trotter,Split LUX 24000 BTU-R410A,Aire Acondicionado Split (Bomba de Calor),Electricidad,"2,49 kwh (**)",-,2.82,7034 watts,36 - 48 m2,"$    684.900,00",$ 100.000,"$ 40.000 / año (Limpieza filtros, chequeo refrigerante)",Sobrecosto instalador SEC en zonas extremas (+30-50% en H y I); Flete aéreo/marítimo a Punta Arenas o montaña (+15-25%)
Mademsa,MFHK 550,Estufa Kerosene Convectiva c/Ventilador,Kerosene,"0,08 - 0,31 lt/hora",0.800 (80%),-,2580 Kcal/hora,Hasta 65 m2,"$    297.990,00",$ 0 (Portátil / Enchufable),$ 0 (Sin piezas de desgaste),Flete terrestre/marítimo a zona extrema (+10-20% en H y I)
Nipon Andino,PJC-W13F,Estufa Gas Convectiva,Gas Licuado (GLP),294 gramos/hora (**),0.800 (80%),-,3224 Kcal/hora,Hasta 80 m2,"$    399.990,00",$ 0 (Portátil / Enchufable),"$ 20.000 / 2 años (Revisión regulador, manguera, inyectores)",Flete terrestre/marítimo a zona extrema (+10-20% en H y I)
Magefesa,MGF 1237,Termoventilador Eléctrico,Electricidad,"2,0 kwh","1,0 (100%)",-,2000 watts,Sin Información,"$      12.990,00",$ 0 (Portátil / Enchufable),$ 0 (Sin piezas de desgaste),Flete terrestre/marítimo a zona extrema (+10-20% en H y I)
Somela,Hotty,Calefactor Eléctrico a Cuarzo,Electricidad,"0,5 - 1,0 kwh","1,0 (100%)",-,1000 watts,Sin Información,"$      14.980,00",$ 0 (Portátil / Enchufable),$ 0 (Sin piezas de desgaste),Flete terrestre/marítimo a zona extrema (+10-20% en H y I)
Somela,Radiant 2,Calefactor Eléctrico a Cuarzo,Electricidad,"0,5 - 1,0 kwh","1,0 (100%)",-,1000 watts,Sin Información,"$      12.480,00",$ 0 (Portátil / Enchufable),$ 0 (Sin piezas de desgaste),Flete terrestre/marítimo a zona extrema (+10-20% en H y I)
Somela,HN-2000,Estufa Eléctrica Halógena,Electricidad,"0,6 - 1,2 kwh","1,0 (100%)",-,1200 watts,Sin Información,"$      17.980,00",$ 0 (Portátil / Enchufable),$ 0 (Sin piezas de desgaste),Flete terrestre/marítimo a zona extrema (+10-20% en H y I)
Valory,VC-1800T,Convector Eléctrico,Electricidad,"0,65 - 1,75 kwh","1,0 (100%)",-,1750 watts,Sin Información,"$      21.980,00",$ 0 (Portátil / Enchufable),$ 0 (Sin piezas de desgaste),Flete terrestre/marítimo a zona extrema (+10-20% en H y I)
Valory,FH-404,Termoventilador Eléctrico,Electricidad,"0,9 - 1,8 kwh","1,0 (100%)",-,1800 watts,Sin Información,"$      12.480,00",$ 0 (Portátil / Enchufable),$ 0 (Sin piezas de desgaste),Flete terrestre/marítimo a zona extrema (+10-20% en H y I)
Somela,FT-6400,Termoventilador Eléctrico,Electricidad,"2,0 kwh","1,0 (100%)",-,2000 watts,Sin Información,"$      16.980,00",$ 0 (Portátil / Enchufable),$ 0 (Sin piezas de desgaste),Flete terrestre/marítimo a zona extrema (+10-20% en H y I)
Nex,RE 209,Calefactor Óleo-eléctrico,Electricidad,"0,8 - 2,0 kwh","1,0 (100%)",-,2000 watts,Sin Información,"$        9.990,00",$ 0 (Portátil / Enchufable),$ 0 (Sin piezas de desgaste),Flete terrestre/marítimo a zona extrema (+10-20% en H y I)
Ursus Trotter,UT 7T,Calefactor Óleo-eléctrico,Electricidad,"1,5 kwh","1,0 (100%)",-,1500 watts,Sin Información,"$      39.990,00",$ 0 (Portátil / Enchufable),$ 0 (Sin piezas de desgaste),Flete terrestre/marítimo a zona extrema (+10-20% en H y I)
Ursus Trotter,UT 9T,Calefactor Óleo-eléctrico,Electricidad,"0,75 - 2,0 kwh","1,0 (100%)",-,2000 watts,21 m2,"$      56.990,00",$ 0 (Portátil / Enchufable),$ 0 (Sin piezas de desgaste),Flete terrestre/marítimo a zona extrema (+10-20% en H y I)
Sindelen,Sunny Red SR-3200,Estufa Gas Radiante Infrarroja,Gas Licuado (GLP),269 gramos/hora,0.800 (80%),-,3700 watts,34 - 36 m2,"$      40.000,00",$ 0 (Portátil / Enchufable),"$ 20.000 / 2 años (Revisión regulador, manguera, inyectores)",Flete terrestre/marítimo a zona extrema (+10-20% en H y I)
Mademsa,Vittale 15,Estufa Gas Radiante Infrarroja,Gas Licuado (GLP),254 gramos/hora,0.800 (80%),-,3000 Kcal/hora,11 - 19 m2,"$      69.990,00",$ 0 (Portátil / Enchufable),"$ 20.000 / 2 años (Revisión regulador, manguera, inyectores)",Flete terrestre/marítimo a zona extrema (+10-20% en H y I)
Mademsa,Candente 15,Estufa Gas Convectiva (Blue Flame),Gas Licuado (GLP),300 gramos/hora,0.800 (80%),-,4200 watts,Sin Información,"$      79.990,00",$ 0 (Portátil / Enchufable),"$ 20.000 / 2 años (Revisión regulador, manguera, inyectores)",Flete terrestre/marítimo a zona extrema (+10-20% en H y I)
Valory,Mini Red,Estufa Gas Radiante Infrarroja,Gas Licuado (GLP),100 - 200 gramos/hora,0.800 (80%),-,2365 Kcal/hora,Sin Información,"$      57.990,00",$ 0 (Portátil / Enchufable),"$ 20.000 / 2 años (Revisión regulador, manguera, inyectores)",Flete terrestre/marítimo a zona extrema (+10-20% en H y I)
Ursus Trotter,LM-4200,Estufa Gas Radiante Infrarroja,Gas Licuado (GLP),346 gramos/hora (**),0.800 (80%),-,4400 watts,Hasta 53 m2,"$      77.990,00",$ 0 (Portátil / Enchufable),"$ 20.000 / 2 años (Revisión regulador, manguera, inyectores)",Flete terrestre/marítimo a zona extrema (+10-20% en H y I)
Mademsa,Foguita Vitro II,Estufa Kerosene Radiante (Quemador Cilíndrico),Kerosene,"0,25 lt/hora",0.800 (80%),-,2192 Kcal/hora,Sin Información,"$      51.900,00",$ 0 (Portátil / Enchufable),$ 25.000 / 2 años (Cambio mecha / mantención),Flete terrestre/marítimo a zona extrema (+10-20% en H y I)
Bosca,Eco 380,Estufa a Leña Combustión Lenta,Leña,"2,0 - 3,0 kg leña/hora",0.650 (65%),-,9000 Kcal/hora,50 - 150 m2,"$    193.990,00",$ 120.000,$ 30.000 / año (Deshollinado de ductos),Sobrecosto instalador SEC en zonas extremas (+30-50% en H y I); Flete aéreo/marítimo a Punta Arenas o montaña (+15-25%)
Superser,Ecológica Plus,Estufa Gas Catalítica,Gas Licuado (Catalítico),210 gramos/hora,0.800 (80%),-,2500 Kcal/hora,Hasta 40 m2,"$      79.990,00",$ 0 (Portátil / Enchufable),"$ 20.000 / 2 años (Revisión regulador, manguera, inyectores)",Flete terrestre/marítimo a zona extrema (+10-20% en H y I)
Ursus Trotter,UT TBT 5000GN,Calefactor Gas Tiro Balanceado (Hermético),Gas Natural (GN),"0,53 m3/hora",0.800 (80%),-,5000 Kcal/hora,55 - 60 m2,"$    279.900,00",$ 75.000,"$ 20.000 / 2 años (Revisión regulador, manguera, inyectores)",Sobrecosto instalador SEC en zonas extremas (+30-50% en H y I); Flete aéreo/marítimo a Punta Arenas o montaña (+15-25%)
Bosca,Eco 350,Estufa a Leña Combustión Lenta,Leña,"1,0 - 2,0 kg leña/hora",0.650 (65%),-,6000 Kcal/hora,30 - 100 m2,"$    149.900,00",$ 120.000,$ 30.000 / año (Deshollinado de ductos),Sobrecosto instalador SEC en zonas extremas (+30-50% en H y I); Flete aéreo/marítimo a Punta Arenas o montaña (+15-25%)
Bosca,Spirit 500 Inox,Estufa a Pellet,Pellet,"0,5 - 2,0 kg leña/hora",0.850 (85%),-,10000 Kcal/hora,140 - 170 m2,"$    699.900,00",$ 120.000,"$ 45.000 / año (Limpieza crisol, extractor y ducto)",Sobrecosto instalador SEC en zonas extremas (+30-50% en H y I); Flete aéreo/marítimo a Punta Arenas o montaña (+15-25%)
