ciudad,zona_termica,region,combustible_id,combustible_nombre,energia_label,unidad_comercial,precio_min_comercial,precio_max_comercial,precio_prom_comercial,divisor_conversion,unidad_base,precio_min_unidad,precio_max_unidad,precio_prom_unidad,fecha_vigencia,fuente
Antofagasta,A,2,6,electricidad,Electricidad,kWh,260.0,285.0,270.0,1.0,kWh,260.0,285.0,270.0,2026-09-01,MANUAL
Antofagasta,A,2,1,parafina,Kerosene,Litro,781.0,1248.0,1086.0,1.0,litro,781.0,1248.0,1086.0,2026-09-01,MANUAL
Antofagasta,A,2,2,gas_licuado,GLP,Cilindro 15kg,24500.0,28500.0,26500.0,15.0,kg,1633.33,1900.0,1766.67,2026-09-01,MANUAL
Calama,B,2,6,electricidad,Electricidad,kWh,270.0,295.0,282.0,1.0,kWh,270.0,295.0,282.0,2026-09-01,MANUAL
Calama,B,2,1,parafina,Kerosene,Litro,900.0,1250.0,1050.0,1.0,litro,900.0,1250.0,1050.0,2026-09-01,MANUAL
Calama,B,2,2,gas_licuado,GLP,Cilindro 15kg,25500.0,29500.0,27500.0,15.0,kg,1700.0,1966.67,1833.33,2026-09-01,MANUAL
Valparaiso,C,5,6,electricidad,Electricidad,kWh,220.0,292.0,270.0,1.0,kWh,220.0,292.0,270.0,2026-09-01,MANUAL
Valparaiso,C,5,1,parafina,Kerosene,Litro,850.0,1310.0,975.0,1.0,litro,850.0,1310.0,975.0,2026-09-01,MANUAL
Valparaiso,C,5,2,gas_licuado,GLP,Cilindro 15kg,23500.0,28000.0,25500.0,15.0,kg,1566.67,1866.67,1700.0,2026-09-01,MANUAL
Valparaiso,C,5,3,gas_natural,Gas Natural,m3,1876.0,2033.0,1954.0,1.0,m3,1876.0,2033.0,1954.0,2026-09-01,MANUAL
Santiago,D,13,6,electricidad,Electricidad,kWh,228.0,310.0,237.0,1.0,kWh,228.0,310.0,237.0,2026-09-01,MANUAL
Santiago,D,13,1,parafina,Kerosene,Litro,816.0,1281.0,1060.0,1.0,litro,816.0,1281.0,1060.0,2026-09-01,MANUAL
Santiago,D,13,2,gas_licuado,GLP,Cilindro 15kg,23000.0,30600.0,24500.0,15.0,kg,1533.33,2040.0,1633.33,2026-09-01,MANUAL
Santiago,D,13,3,gas_natural,Gas Natural,m3,884.0,2121.0,1161.0,1.0,m3,884.0,2121.0,1161.0,2026-09-01,MANUAL
Concepcion,E,8,6,electricidad,Electricidad,kWh,255.0,305.0,292.0,1.0,kWh,255.0,305.0,292.0,2026-09-01,MANUAL
Concepcion,E,8,1,parafina,Kerosene,Litro,880.0,1554.0,1054.0,1.0,litro,880.0,1554.0,1054.0,2026-09-01,MANUAL
Concepcion,E,8,2,gas_licuado,GLP,Cilindro 15kg,23500.0,26500.0,25000.0,15.0,kg,1566.67,1766.67,1666.67,2026-09-01,MANUAL
Concepcion,E,8,3,gas_natural,Gas Natural,m3,926.0,2100.0,1950.0,1.0,m3,926.0,2100.0,1950.0,2026-09-01,MANUAL
Concepcion,E,8,5,lena,Leña,Saco,2500.0,8000.0,3200.0,25.0,kg,100.0,320.0,128.0,2026-09-01,MANUAL
Concepcion,E,8,4,pellet,Pellet,Bolsa 15kg,3500.0,4900.0,4100.0,15.0,kg,233.33,326.67,273.33,2026-09-01,MANUAL
Temuco,F,9,6,electricidad,Electricidad,kWh,272.0,300.0,284.0,1.0,kWh,272.0,300.0,284.0,2026-09-01,MANUAL
Temuco,F,9,1,parafina,Kerosene,Litro,1050.0,1325.0,1180.0,1.0,litro,1050.0,1325.0,1180.0,2026-09-01,MANUAL
Temuco,F,9,2,gas_licuado,GLP,Cilindro 15kg,24000.0,28000.0,26500.0,15.0,kg,1600.0,1866.67,1766.67,2026-09-01,MANUAL
Temuco,F,9,3,gas_natural,Gas Natural,m3,1800.0,2200.0,1980.0,1.0,m3,1800.0,2200.0,1980.0,2026-09-01,MANUAL
Temuco,F,9,5,lena,Leña,Saco,2500.0,4500.0,3500.0,25.0,kg,100.0,180.0,140.0,2026-09-01,MANUAL
Temuco,F,9,4,pellet,Pellet,Bolsa 15kg,3300.0,5500.0,3800.0,15.0,kg,220.0,366.67,253.33,2026-09-01,MANUAL
Puerto Montt,G,10,6,electricidad,Electricidad,kWh,240.0,340.0,300.0,1.0,kWh,240.0,340.0,300.0,2026-09-01,MANUAL
Puerto Montt,G,10,1,parafina,Kerosene,Litro,1097.0,1450.0,1250.0,1.0,litro,1097.0,1450.0,1250.0,2026-09-01,MANUAL
Puerto Montt,G,10,2,gas_licuado,GLP,Cilindro 15kg,26000.0,31000.0,28500.0,15.0,kg,1733.33,2066.67,1900.0,2026-09-01,MANUAL
Puerto Montt,G,10,5,lena,Leña,Saco,5000.0,9000.0,7000.0,25.0,kg,200.0,360.0,280.0,2026-09-01,MANUAL
Puerto Montt,G,10,4,pellet,Pellet,Bolsa 15kg,4800.0,6250.0,5300.0,15.0,kg,320.0,416.67,353.33,2026-09-01,MANUAL
Los Andes,H,5,6,electricidad,Electricidad,kWh,275.0,295.0,282.0,1.0,kWh,275.0,295.0,282.0,2026-09-01,MANUAL
Los Andes,H,5,1,parafina,Kerosene,Litro,900.0,1200.0,1050.0,1.0,litro,900.0,1200.0,1050.0,2026-09-01,MANUAL
Los Andes,H,5,2,gas_licuado,GLP,Cilindro 15kg,24000.0,27500.0,26000.0,15.0,kg,1600.0,1833.33,1733.33,2026-09-01,MANUAL
Los Andes,H,5,3,gas_natural,Gas Natural,m3,1876.0,2033.0,1954.0,1.0,m3,1876.0,2033.0,1954.0,2026-09-01,MANUAL
Los Andes,H,5,5,lena,Leña,Saco,3500.0,5500.0,4200.0,25.0,kg,140.0,220.0,168.0,2026-09-01,MANUAL
Los Andes,H,5,4,pellet,Pellet,Bolsa 15kg,4200.0,5600.0,4900.0,15.0,kg,280.0,373.33,326.67,2026-09-01,MANUAL
Punta Arenas,I,12,6,electricidad,Electricidad,kWh,246.0,285.0,265.0,1.0,kWh,246.0,285.0,265.0,2026-09-01,MANUAL
Punta Arenas,I,12,1,parafina,Kerosene,Litro,1200.0,1500.0,1350.0,1.0,litro,1200.0,1500.0,1350.0,2026-09-01,MANUAL
Punta Arenas,I,12,2,gas_licuado,GLP,Cilindro 15kg,28000.0,32000.0,30000.0,15.0,kg,1866.67,2133.33,2000.0,2026-09-01,MANUAL
Punta Arenas,I,12,3,gas_natural,Gas Natural,m3,117.0,150.0,125.0,1.0,m3,117.0,150.0,125.0,2026-09-01,MANUAL
