Zona_Termica,Ciudad,Region,Electricidad_CLP_kWh,Kerosene_CLP_Litro,GLP_CLP_kg,GLP_CLP_Cilindro15kg,Gas_Natural_CLP_m3,Lena_CLP_kg,Lena_CLP_Saco25kg,Pellet_CLP_kg,Pellet_CLP_Bolsa15kg
A,Antofagasta,2,270.0,1086.0,1766.67,26500.0,,,,,
B,Calama,2,282.0,1050.0,1833.33,27500.0,,,,,
C,Valparaiso,5,270.0,975.0,1700.0,25500.0,1954.0,,,,
D,Santiago,13,237.0,1060.0,1633.33,24500.0,1161.0,,,,
E,Concepcion,8,292.0,1054.0,1666.67,25000.0,1950.0,128.0,3200.0,273.33,4100.0
F,Temuco,9,284.0,1180.0,1766.67,26500.0,1980.0,140.0,3500.0,253.33,3800.0
G,Puerto Montt,10,300.0,1250.0,1900.0,28500.0,,280.0,7000.0,353.33,5300.0
H,Los Andes,5,282.0,1050.0,1733.33,26000.0,1954.0,168.0,4200.0,326.67,4900.0
I,Punta Arenas,12,265.0,1350.0,2000.0,30000.0,125.0,,,,
